[{
    "name": "Cars",
    "url": "#",
    "parent_id": "-1",
    "id": "1"
}, {
    "name": "Toyota",
    "url": "#",
    "parent_id": "1",
    "id": "2"
}, {
    "name": "Corolla",
    "url": "#",
    "parent_id": "2",
    "id": "3"
}, {
    "name": "2013",
    "url": "#",
    "parent_id": "3",
    "id": "4"
},{
    "name": "Motorbikes",
    "url": "#",
    "parent_id": "-1",
    "id": "5"
    
}, {
    "name": "Honda",
    "url": "#",
    "parent_id": "5",
    "id": "6"
}, {
    "name": "Kawasaki",
    "url": "#",
    "parent_id": "5",
    "id": "7"
}, {
    "name": "BMW",
    "url": "#",
    "parent_id": "5",
    "id": "8"
}]